DELETE FROM device;
DELETE FROM customer;
DELETE FROM model_info;
DELETE FROM model_spec;
DELETE FROM model_feature;

INSERT INTO customer (customer_name, phone_number, address)
VALUES ('김싸피', '010-1234-0001', '경기도 수원시 영통구 삼성로 129'),
       ('송싸피', '010-1234-0002', '경기도 수원시 영통구 삼성로 129'),
       ('윤싸피', '010-1234-0003', '경기도 수원시 영통구 삼성로 129'),
       ('홍싸피', '010-1234-0004', '경기도 수원시 영통구 삼성로 129'),
       ('조싸피', '010-1234-0005', '경기도 수원시 영통구 삼성로 129');

INSERT INTO model_info (model_suffix, model_name, product_type, launch_date, model_image)
VALUES ('RM70F63R2A', 'BESPOKE 냉장고 4도어 키친핏 Max 640L', 'REF', '2025-03-01', ''),
       ('RM90F64E2W', 'BESPOKE AI 하이브리드 4도어 키친핏 Max 602L', 'REF', '2025-02-01', ''),
       ('RF85DB91D1AP', 'BESPOKE 냉장고 4도어 869L', 'REF', '2024-03-01', ''),
       ('RF90DG9111S9', 'BESPOKE 냉장고 4도어 902L', 'REF', '2024-03-01', ''),
       ('RF85DB95A2APW', 'BESPOKE AI 패밀리허브 4도어 861L', 'REF', '2024-05-01', ''),
       ('RF85DB9421AP', 'BESPOKE 냉장고 4도어 849L (빅아이스/큐브)', 'REF', '2024-03-01', 'https://j12s004.p.ssafy.io/image/REF_RF85DB9421AP.webp'),
       ('RF91DB98J1AP01', 'BESPOKE AI 하이브리드 4도어 868L (빅아이스/위스키볼)', 'REF', '2024-03-01', 'https://j12s004.p.ssafy.io/image/REF_RF91DB98J1AP01.webp'),
       ('WF21DG6650BE', '그랑데 드럼 세탁기 AI 21kg', 'WM', '2025-01-01', 'https://j12s004.p.ssafy.io/image/WM_WF21CB6650BW.webp'),
       ('AF80F18D25WN', 'Bespoke AI 무풍콤보 갤러리 청정 58.5㎡', 'AC', '2025-02-01', 'https://j12s004.p.ssafy.io/image/AC_AF80F18D25WT.webp');

INSERT INTO device (serial_number, customer_id, model_suffix)
VALUES ('REF_TEST_IncreaseRefrigeratorTemp_001', 1, 'RM70F63R2A'),
       ('REF_TEST_IncreaseRefrigeratorTemp_002', 1, 'RM90F64E2W'),
       ('REF_TEST_IncreaseRefrigeratorTemp_003', 2, 'RF85DB91D1AP'),
       ('REF_TEST_IncreaseRefrigeratorTemp_004', 3, 'RF90DG9111S9'),
       ('REF_TEST_IncreaseRefrigeratorTemp_005', 4, 'RF85DB95A2APW'),
       ('ZMMB6CK2P7AIJF4', 5, 'RF85DB9421AP'),
       ('SF5YT62MPO2G3DH', 5, 'RF91DB98J1AP01'),
       ('GF4YD2MCX8T5BJK', 5, 'WF21DG6650BE'),
       ('PL9QXK27M5YD3ZT', 5, 'AF80F18D25WN');


INSERT INTO model_spec (model_suffix, spec_group, spec_name, spec_value)
VALUES ('RF85DB9421AP', '규격', '제품 타입', 'BESPOKE 냉장고 4도어'),
       ('RF85DB9421AP', '규격', '설치 타입', '프리스탠딩'),
       ('RF85DB9421AP', '규격', '크기(가로 × 높이 × 깊이)', '912 × 1,853 × 916 mm'),
       ('RF85DB9421AP', '규격', '무게', '166 kg'),
       ('RF85DB9421AP', '용량', '전체 용량', '849 ℓ'),
       ('RF85DB9421AP', '용량', '냉장실 용량', '504 ℓ'),
       ('RF85DB9421AP', '용량', '냉동실 용량', '169 ℓ'),
       ('RF85DB9421AP', '용량', '맞춤보관실 용량', '176 ℓ'),
       ('RF85DB9421AP', '성능', '소비효율등급', '1등급'),
       ('RF85DB9421AP', '성능', '소비 전력(kWh/월)', '41.8 kWh/월'),
       ('RF85DB9421AP', '성능', '정격 전압', '220V / 60Hz'),
       ('RF85DB9421AP', '성능', '컴프레서', 'AI 인버터 컴프레서'),
       ('RF85DB9421AP', '성능', '냉매', 'R600a'),
       ('RF85DB9421AP', '성능', '냉각방식', '트리플 독립냉각'),
       ('RF91DB98J1AP01', '규격', '제품 타입', 'BESPOKE 냉장고 4도어'),
       ('RF91DB98J1AP01', '규격', '설치 타입', '프리스탠딩'),
       ('RF91DB98J1AP01', '규격', '크기(가로 × 높이 × 깊이)', '912 × 1,870 × 916 mm'),
       ('RF91DB98J1AP01', '규격', '무게', '190 kg'),
       ('RF91DB98J1AP01', '용량', '전체 용량', '868 ℓ'),
       ('RF91DB98J1AP01', '용량', '냉장실 용량', '513 ℓ'),
       ('RF91DB98J1AP01', '용량', '냉동실 용량', '355 ℓ'),
       ('RF91DB98J1AP01', '성능', '소비효율등급', '1등급'),
       ('RF91DB98J1AP01', '성능', '소비 전력(kWh/월)', '42.8 kWh/월'),
       ('RF91DB98J1AP01', '성능', '정격 전압', '220V / 60Hz'),
       ('RF91DB98J1AP01', '성능', '컴프레서', 'AI 인버터 컴프레서'),
       ('RF91DB98J1AP01', '성능', '냉매', 'R600a'),
       ('RF91DB98J1AP01', '성능', '냉각방식', 'AI 하이브리드 쿨링(컴프레서+펠티어 소자)'),
       ('WF21DG6650BE', '기본 사양', '세탁 용량', '21 kg'),
       ('WF21DG6650BE', '기본 사양', '색상', '화이트'),
       ('WF21DG6650BE', '기본 사양', '크기(폭 × 높이 × 깊이)', '686 × 984 × 796 mm'),
       ('WF21DG6650BE', '기본 사양', '무게', '92 kg'),
       ('WF21DG6650BE', '기본 사양', '에너지 소비효율', '1 등급'),
       ('WF21DG6650BE', '기본 사양', '전원', '220 V/60 Hz'),
       ('WF21DG6650BE', '기본 사양', '소비전력', '가열세탁 시 2200 W'),
       ('AF80F18D25WN', '사양', '냉방 면적', '58.5 ㎡'),
       ('AF80F18D25WN', '사양', '전원', '단상, 220V, 60Hz '),
       ('AF80F18D25WN', '사양', '크기(가로 × 높이 × 깊이)', '415×1910×309 mm'),
       ('AF80F18D25WN', '사양', '배관 길이', '8.0 m'),
       ('AF80F18D25WN', '운전 능력', '최소 냉방 능력', '2.50 kW'),
       ('AF80F18D25WN', '운전 능력', '정격 냉방 능력', '7.20 kW'),
       ('AF80F18D25WN', '운전 능력', '최대 냉방 능력', '10.00 kW'),
       ('AF80F18D25WN', '운전 능력', '최소 냉방 소비전력', '0.28 kW'),
       ('AF80F18D25WN', '운전 능력', '정격 냉방 소비전력', '1.70 kW'),
       ('AF80F18D25WN', '운전 능력', '냉방 에너지 소비효율등급', '1 등급');

INSERT INTO model_feature (model_suffix, feature_name)
VALUES ('RF85DB9421AP', '투명 도어(좌)'),
       ('RF85DB9421AP', '오토 오픈 도어'),
       ('RF85DB9421AP', '베버리지존(좌)'),
       ('RF85DB9421AP', '푸드 쇼케이스(좌)'),
       ('RF85DB9421AP', '메탈 쿨링커버(+ 엣지 쿨링)'),
       ('RF85DB9421AP', 'UV청정탈취기'),
       ('RF85DB9421AP', '히든 심플 디스플레이'),
       ('RF85DB9421AP', '빅 아이스메이커(큐브)'),
       ('RF85DB9421AP', 'WiFi'),
       ('RF85DB9421AP', 'SmartThings 모바일 앱 지원'),
       ('RF91DB98J1AP01', '투명 도어(좌/우)'),
       ('RF91DB98J1AP01', '오토 오픈 도어'),
       ('RF91DB98J1AP01', '투명 쇼케이스(좌/우)'),
       ('RF91DB98J1AP01', '베버리지존(좌)'),
       ('RF91DB98J1AP01', 'UV청정탈취기'),
       ('RF91DB98J1AP01', '히든 심플 디스플레이'),
       ('RF91DB98J1AP01', '빅 아이스메이커(위스키볼, 큐브)'),
       ('RF91DB98J1AP01', 'WiFi'),
       ('RF91DB98J1AP01', 'SmartThings 모바일 앱 지원'),
       ('WF21DG6650BE', '버블'),
       ('WF21DG6650BE', '초강력 워터샷'),
       ('WF21DG6650BE', '스마트컨트롤'),
       ('WF21DG6650BE', '세탁 온도 조절'),
       ('WF21DG6650BE', '헹굼 횟수 조절'),
       ('WF21DG6650BE', '탈수 세기 조절'),
       ('WF21DG6650BE', '예약 기능'),
       ('WF21DG6650BE', '버튼 잠금'),
       ('WF21DG6650BE', '버블 불림'),
       ('WF21DG6650BE', '세탁물 추가'),
       ('WF21DG6650BE', '무세제통세척'),
       ('WF21DG6650BE', '드럼라이트'),
       ('WF21DG6650BE', '진동 저감 시스템'),
       ('WF21DG6650BE', 'WiFi'),
       ('WF21DG6650BE', 'SmartThings 모바일 앱 지원'),
       ('AF80F18D25WN', '무풍기능'),
       ('AF80F18D25WN', '강력 냉방'),
       ('AF80F18D25WN', 'PM 1.0 살균 필터'),
       ('AF80F18D25WN', 'CAC 인증'),
       ('AF80F18D25WN', '강력 제습'),
       ('AF80F18D25WN', 'AI 절약 모드'),
       ('AF80F18D25WN', '스마트 기능'),
       ('AF80F18D25WN', '이지케어'),
       ('AF80F18D25WN', '편의기능');
